ヴァイ,ヴァイ,1290,1290,149,-10.0337
ヴァイオリニスト,ヴァイオリニスト,1288,1288,98,-11.2762
ヴァイオリン,ヴァイオリン,1285,1285,416,-10.5995
ヴァイオリンキョウソウキョク,ヴァイオリン協奏曲,1288,1288,501,-11.8270
ヴァイオレット,ヴァイオレット,1289,1289,25,-10.9192
ヴァイキング,ヴァイキング,1288,1288,359,-11.6108
ヴァイス,ヴァイス,1289,1289,25,-11.2300
ヴァラール,ヴァラール,1289,1289,222,-11.8175
ヴァルキリー,ヴァルキリー,1289,1289,89,-11.7332
ヴァルター,ヴァルター,1289,1289,329,-11.3886
ヴァルナ,ヴァルナ,1289,1289,408,-10.8840
ヴァロ,ヴァロ,1289,1289,501,-11.0442
ヴァロワ,ヴァロワ,1293,1293,492,-11.4480
ヴァン,ヴァン,1289,1289,149,-10.4850
ヴァンパイア,ヴァンパイア,1289,1289,212,-10.3250
ヴァンフォーレコウフ,ヴァンフォーレ甲府,1292,1292,372,-10.6490
ヴァンプス,VAMPS,1289,1289,302,-11.7594
ヴァンヘイレン,ヴァン・ヘイレン,1289,1289,196,-11.8479
ヴァージョン,ヴァージョン,1288,1288,478,-10.9503
ヴィクトリア,ヴィクトリア,1289,1289,329,-9.3455
ヴィクトリー,ヴィクトリー,1289,1289,230,-11.4530
ヴィクトル,ヴィクトル,1289,1289,329,-11.2604
ヴィッカース,ヴィッカース,1292,1292,413,-10.5932
ヴィラ,ヴィラ,1289,1289,130,-11.0931
ヴィル,ヴィル,1289,1289,149,-10.7179
ヴィンテージ,ヴィンテージ,1288,1288,168,-11.7987
ヴィヴィアン,ヴィヴィアン,1289,1289,25,-11.3944
ヴィーガン,ヴィーガン,1288,1288,257,-11.4353
ヴィーナス,ヴィーナス,1289,1289,429,-10.7960
ヴィーナス,Venus,1289,1289,367,-11.3541
ヴェストファーレン,ヴェストファーレン,1293,1293,463,-10.7152
ヴェノム,ヴェノム,1289,1289,26,-11.8217
ヴェルサイユ,ヴェルサイユ,1293,1293,463,-10.5582
ヴェルディ,ヴェルディ,1289,1289,416,-9.9452
ヴェルディカワサキ,ヴェルディ川崎,1292,1292,372,-11.2396
ヴェルナー,ヴェルナー,1289,1289,329,-11.8393
ヴェン,ヴェン,1289,1289,160,-11.8491
ヴェーザー,ヴェーザー,1289,1289,349,-11.5173
ヴォイス,Voice,1289,1289,367,-11.4714
ヴォイス,VOICE,1289,1289,40,-11.5307
ヴォイス,ヴォイス,1289,1289,203,-11.6378
ヴォイス,voice,1289,1289,121,-11.8566
ヴォルテール,ヴォルテール,1290,1290,204,-10.9729
ヴォルデモート,ヴォルデモート,1289,1289,459,-11.5164
ヴォルフ,ヴォルフ,1289,1289,329,-11.0799
ヴォルフガング,ヴォルフガング,1289,1289,329,-11.7398
ヴォルフガングアマデウスモーツァルト,ヴォルフガング・アマデウス・モーツァルト,1289,1289,416,-11.4154
ヴォーカル,ヴォーカル,1288,1288,196,-10.7957
ヴォーグ,ヴォーグ,1289,1289,196,-11.3395
ヴォーン,ヴォーン,1289,1289,255,-11.5762