ポアロ,ポアロ,1289,1289,51,-10.7491
ポイ,ぽい,66,66,80,-4.8829
ポイ,ポイ,1281,1281,93,-10.3260
ポイント,ポイント,1300,1300,283,-7.9213
ポイント,ポイント,1285,1285,283,-8.2946
ポイントガ,ポイントが,1285,148,17,-10.4240
ポイントハ,ポイントは,1285,261,17,-10.5893
ポイントヲ,ポイントを,1285,156,17,-10.4530
ポゥ,ぽぅ,85,85,80,-5.5374
ポウ,ぽう,84,84,331,-4.7793
ポカポカ,ポカポカ,1281,1281,501,-10.5233
ポカポカ,ぽかぽか,1281,1281,501,-10.5278
ポキ,ぽき,69,69,80,-4.0248
ポク,ぽく,90,90,150,-4.8038
ポケット,ポケット,1285,1285,64,-10.3613
ポケモン,ポケモン,1288,1288,26,-9.0831
ポコ,ぽこ,1281,1281,80,-10.6968
ポシ,ぽし,72,72,80,-4.0244
ポジション,ポジション,1285,1285,198,-9.1756
ポジションハ,ポジションは,1285,261,17,-10.5484
ポジティブ,ポジティブ,1287,1287,66,-8.4294
ポスター,ポスター,1285,1285,445,-10.0516
ポスト,ポスト,1285,1285,215,-9.7917
ポチ,ぽち,1281,1281,54,-10.2075
ポップ,POP,1289,1289,40,-9.9635
ポップ,ポップ,1287,1287,412,-10.3046
ポップ,ポップ,1285,1285,412,-10.6878
ポテチ,ポテチ,1289,1289,501,-9.9671
ポニーキャニオン,ポニーキャニオン,1292,1292,353,-9.2439
ポピュラー,ポピュラー,1287,1287,169,-10.7130
ポプラシャ,ポプラ社,1292,1292,136,-10.1796
ポリゴン,ポリゴン,1289,1289,431,-10.5734
ポリドール,ポリドール,1292,1292,353,-10.4933
ポリネシア,ポリネシア,1293,1293,240,-10.5315
ポルシェ,ポルシェ,1292,1292,168,-8.9477
ポルトガル,ポルトガル,1294,1294,240,-7.6100
ポロポロ,ポロポロ,1282,1282,501,-10.7607
ポン,ぽん,1282,1282,437,-8.7325
ポン,ポン,1289,1289,203,-9.2098
ポンド,ポンド,1300,1300,221,-7.9872
ポー,ポー,1293,1293,255,-9.7761
ポーズ,ポーズ,1283,1283,451,-9.6029
ポーツマス,ポーツマス,1293,1293,138,-10.2233
ポート,ポート,1285,1285,64,-10.6680
ポートランド,ポートランド,1292,1292,138,-9.3244
ポーラ,ポーラ,1291,1291,25,-10.5460
ポーランド,ポーランド,1294,1294,446,-7.0637
ポール,ポール,1291,1291,255,-8.6738
ポール,Paul,1289,1289,151,-10.0498
ポールマッカートニー,ポール・マッカートニー,1289,1289,196,-10.6000