メイカク,明確,1287,1287,169,-7.2578
メイショウ,名称,1285,1285,327,-8.0722
メイジ,命じ,625,625,301,-8.1996
メイジル,命じる,619,619,438,-8.5273
メイジロ,命じろ,623,623,438,-8.5031
メイズ,命ず,593,593,193,-6.3363
メイズル,命ずる,592,592,193,-6.3379
メイレイ,命令,1283,1283,411,-8.4876
メイワク,迷惑,1287,1287,17,-7.5893
メキ,めき,978,978,80,-5.0096
メキシコ,メキシコ,1294,1294,272,-7.2713
メク,めく,953,953,389,-4.8852
メグリ,巡り,788,788,258,-8.4342
メグル,巡る,772,772,258,-8.2616
メグル,めぐる,772,772,43,-8.4573
メグレ,巡れ,784,784,258,-8.4236
メザシ,目指し,735,735,258,-5.9308
メザス,目指す,731,731,258,-5.8453
メザセ,目指せ,734,734,258,-5.8379
メズラシ,珍し,45,45,468,-6.7176
メズラシ,珍し,39,39,468,-6.8383
メズラシイ,珍しい,43,43,468,-6.6701
メズラシカレ,珍しかれ,48,48,468,-6.6963
メズラシキ,珍しき,44,44,468,-6.6968
メズラシク,珍しく,51,51,468,-6.8684
メズラシュウ,珍しゅう,49,49,468,-6.6963
メダチ,目立ち,743,743,471,-6.3055
メダツ,目立つ,738,738,471,-6.3066
メダテ,目立て,741,741,471,-6.2777
メチャ,めちゃ,1281,1281,244,-7.6206
メチャクチャ,めちゃくちゃ,1287,1287,17,-6.3323
メチャメチャ,めちゃめちゃ,1287,1287,56,-8.1540
メッチャ,めっちゃ,1281,1281,420,-6.0892
メルカリ,メルカリ,1292,1292,501,-7.8466
メンサ,面さ,586,586,432,-7.4380
メンシ,面し,735,735,432,-7.8112
メンシロ,面しろ,588,588,432,-7.3548
メンス,面す,584,584,432,-7.3646
メンスル,面する,583,583,432,-7.3584
メンタル,メンタル,1287,1287,154,-7.9985
メンドウ,面倒,1287,1287,161,-7.6832
メンドクサ,めんどくさ,11,11,501,-8.2659
メンドクサウ,めんどくさう,31,31,501,-8.0930
メンドクサカレ,めんどくさかれ,29,29,501,-8.0826
メンドクサキ,めんどくさき,21,21,501,-8.0829
メンドクサク,めんどくさく,35,35,501,-8.1708
メンドクサシ,めんどくさし,23,23,501,-8.0910
メンバー,メンバー,1285,1285,334,-7.7111
メートル,メートル,1300,1300,221,-6.3427
メール,メール,1283,1283,363,-8.5273