ネェ,ねぇ,469,469,420,-4.5463
ネェ,ねぇ,279,279,420,-5.7811
ネェ,ねぇ,20,20,420,-6.4948
ネェ,ねェ,20,20,420,-6.9133
ネェ,ねぇ,3,3,420,-8.3491
ネエ,ねえ,20,20,468,-2.2401
ネエ,ねえ,469,469,17,-4.5464
ネエ,無え,20,20,481,-6.0715
ネエ,ねえ,279,279,17,-7.0904
ネエ,ねえ,3,3,17,-8.4699
ネガイ,願い,832,832,438,-7.3375
ネガウ,願う,817,817,438,-7.3206
ネガエ,願え,826,826,438,-7.3147
ネガティブ,ネガティブ,1287,1287,66,-8.3728
ネタ,ネタ,1285,1285,451,-8.6037
ネッ,ねッ,20,20,468,-6.9472
ネッ,ねっ,20,20,80,-7.7711
ネッシ,熱し,735,735,487,-8.5264
ネッシン,熱心,1287,1287,169,-8.4778
ネット,ネット,1285,1285,305,-8.4670
ネットフリックス,Netflix,1292,1292,27,-8.7343
ネテ,寝て,625,307,17,-8.7538
ネミイ,眠い,19,19,56,-8.2549
ネミウ,眠う,31,31,56,-7.7618
ネミカレ,眠かれ,29,29,56,-7.7514
ネミキ,眠き,21,21,56,-7.7517
ネミク,眠く,35,35,56,-7.8397
ネミシ,眠し,23,23,56,-7.7598
ネムイ,眠い,19,19,56,-8.2549
ネムウ,眠う,31,31,56,-7.7618
ネムカレ,眠かれ,29,29,56,-7.7514
ネムキ,眠き,21,21,56,-7.7517
ネムク,眠く,35,35,56,-7.8397
ネムシ,眠し,23,23,56,-7.7598
ネムル,眠る,772,772,212,-8.5968
ネムレ,眠れ,784,784,212,-8.7589
ネライ,狙い,832,832,438,-7.2363
ネラウ,狙う,817,817,438,-7.2194
ネラエ,狙え,826,826,438,-7.2135
ネル,寝る,619,619,290,-6.5357
ネロ,寝ろ,623,623,290,-6.5115
ネン,ねん,281,281,331,-3.6506
ネンカン,年間,1300,1300,299,-7.6430
ネンカン,年間,1285,1285,299,-8.6659
ネンマツ,年末,1314,1314,380,-8.4616
ネンレイ,年齢,1285,1285,42,-8.6550
ネー,ねー,280,280,420,-3.4267
ネー,ねー,469,469,420,-4.6195
ネー,ねー,20,20,420,-7.2893
ネーー,ねーー,469,469,420,-5.4351